customer_id,tenure_months,monthly_fee,support_tickets,contract_type,last_login_days,region,churn
CUST00001,47,25.13,1,monthly,10,busan,no
CUST00002,47,21.41,3,monthly,53,gwangju,no
CUST00003,25,47.02,2,monthly,28,gwangju,no
CUST00004,27,31.93,2,monthly,89,busan,yes
CUST00005,3,40.19,2,monthly,66,daejeon,yes
CUST00006,34,40.76,0,monthly,86,busan,no
CUST00007,37,34.49,2,annual,13,daejeon,no
CUST00008,55,61.79,1,monthly,62,busan,no
CUST00009,11,52.36,0,two_year,77,daegu,yes
CUST00010,52,53.8,4,two_year,29,busan,no
CUST00011,32,29.21,0,monthly,45,gwangju,yes
CUST00012,57,33.62,1,annual,83,busan,no
CUST00013,1,9.9,0,monthly,78,daejeon,yes
CUST00014,50,67.83,0,two_year,12,gwangju,no
CUST00015,33,66.45,1,two_year,85,daegu,yes
CUST00016,70,35.23,1,annual,73,daegu,no
CUST00017,31,50.9,1,annual,66,busan,no
CUST00018,40,59.92,1,monthly,42,busan,no
CUST00019,67,41.75,2,two_year,37,daegu,no
CUST00020,37,29.82,2,monthly,7,daegu,no
CUST00021,19,60.64,3,monthly,54,seoul,no
CUST00022,31,25.31,2,monthly,59,busan,no
CUST00023,3,32.9,3,monthly,63,busan,yes
CUST00024,61,51.33,1,monthly,74,busan,no
CUST00025,64,34.64,1,two_year,87,busan,no
CUST00026,19,42.95,0,monthly,41,gwangju,yes
CUST00027,50,52.47,0,annual,35,daejeon,no
CUST00028,52,48.91,4,monthly,28,gwangju,no
CUST00029,4,25.34,2,annual,43,gwangju,yes
CUST00030,10,55.97,2,monthly,2,daejeon,yes
CUST00031,6,66.05,2,monthly,66,busan,yes
CUST00032,33,27.23,0,monthly,12,busan,no
CUST00033,15,52.98,1,two_year,9,gwangju,no
CUST00034,38,63.74,2,annual,64,busan,no
CUST00035,20,35.17,4,monthly,68,daegu,yes
CUST00036,56,54.88,1,monthly,85,daegu,no
CUST00037,69,53.44,2,monthly,82,seoul,no
CUST00038,60,48.49,1,annual,19,daejeon,no
CUST00039,60,24.43,0,annual,38,daegu,no
CUST00040,64,27.19,0,two_year,52,daejeon,no
CUST00041,32,80.23,4,monthly,66,daejeon,no
CUST00042,30,73.32,0,monthly,34,daegu,no
CUST00043,59,46.86,0,monthly,78,daegu,no
CUST00044,8,55.75,2,monthly,63,daegu,yes
CUST00045,55,24.51,3,monthly,54,daejeon,no
CUST00046,12,75.69,1,annual,56,daejeon,no
CUST00047,7,50.2,0,monthly,84,daejeon,no
CUST00048,64,31.01,1,monthly,59,gwangju,no
CUST00049,46,41.37,0,two_year,67,daejeon,no
CUST00050,10,27.72,1,annual,8,daejeon,no
CUST00051,29,70.91,1,two_year,29,busan,no
CUST00052,15,26.73,2,monthly,11,gwangju,yes
CUST00053,54,54.44,1,two_year,49,seoul,no
CUST00054,1,46.29,1,monthly,70,daegu,no
CUST00055,67,32.12,0,monthly,60,gwangju,no
CUST00056,31,55.0,3,monthly,38,seoul,no
CUST00057,58,67.69,2,monthly,21,busan,no
CUST00058,58,31.21,1,monthly,64,daegu,no
CUST00059,70,62.27,2,monthly,53,daejeon,no
CUST00060,1,58.71,2,two_year,22,gwangju,no
CUST00061,12,41.83,1,monthly,20,seoul,no
CUST00062,46,42.49,3,two_year,82,gwangju,no
CUST00063,28,50.42,3,monthly,32,seoul,yes
CUST00064,29,44.43,1,monthly,62,busan,no
CUST00065,53,50.38,2,monthly,12,gwangju,no
CUST00066,22,16.58,3,monthly,31,daejeon,yes
CUST00067,58,32.29,0,monthly,69,daejeon,no
CUST00068,29,38.68,0,annual,62,daejeon,no
CUST00069,51,78.73,2,annual,84,daejeon,no
CUST00070,53,30.5,3,monthly,72,seoul,no
CUST00071,5,47.28,3,monthly,22,gwangju,no
CUST00072,70,9.9,1,annual,76,daejeon,no
CUST00073,9,46.13,0,monthly,43,daejeon,no
CUST00074,71,43.72,4,two_year,41,daejeon,no
CUST00075,60,32.76,1,two_year,39,seoul,no
CUST00076,60,31.26,1,two_year,10,busan,no
CUST00077,6,47.93,4,monthly,75,busan,yes
CUST00078,44,52.62,1,monthly,10,busan,no
CUST00079,4,35.65,1,monthly,8,gwangju,no
CUST00080,17,43.03,0,monthly,72,seoul,yes
CUST00081,40,31.95,2,monthly,71,gwangju,no
CUST00082,31,35.86,2,annual,36,daejeon,no
CUST00083,53,54.57,2,annual,55,daegu,yes
CUST00084,66,49.53,0,monthly,51,busan,no
CUST00085,41,41.21,2,annual,37,daejeon,no
CUST00086,32,54.49,2,monthly,35,gwangju,yes
CUST00087,11,28.52,0,annual,54,seoul,no
CUST00088,49,47.84,0,monthly,41,daegu,no
CUST00089,35,46.67,3,annual,54,seoul,yes
CUST00090,32,67.71,2,two_year,32,daejeon,no
CUST00091,69,57.9,1,annual,22,daejeon,no
CUST00092,64,54.17,0,monthly,86,seoul,yes
CUST00093,69,77.05,1,monthly,12,gwangju,no
CUST00094,22,35.89,0,monthly,63,daejeon,no
CUST00095,46,47.36,0,monthly,42,daejeon,no
CUST00096,18,57.48,2,monthly,25,daejeon,no
CUST00097,27,28.21,2,annual,5,daegu,no
CUST00098,20,40.27,0,two_year,84,daejeon,no
CUST00099,28,43.53,0,two_year,81,gwangju,no
CUST00100,62,47.56,1,monthly,72,seoul,no
CUST00101,35,40.06,0,annual,25,gwangju,no
CUST00102,63,60.52,2,monthly,42,daegu,no
CUST00103,13,23.79,2,two_year,11,gwangju,no
CUST00104,32,57.63,1,monthly,36,daegu,yes
CUST00105,18,48.54,1,annual,88,seoul,no
CUST00106,33,45.06,2,monthly,68,daejeon,yes
CUST00107,66,54.8,3,monthly,43,gwangju,no
CUST00108,13,31.52,0,annual,47,daejeon,no
CUST00109,23,47.19,2,annual,5,daegu,no
CUST00110,27,45.54,2,two_year,12,seoul,no
CUST00111,36,51.05,1,annual,34,gwangju,yes
CUST00112,9,24.68,1,annual,33,busan,yes
CUST00113,14,55.87,1,annual,61,daejeon,yes
CUST00114,66,43.74,1,two_year,63,busan,no
CUST00115,60,33.87,3,annual,71,seoul,no
CUST00116,36,34.4,1,two_year,4,daegu,no
CUST00117,31,30.62,1,monthly,75,daejeon,no
CUST00118,1,64.22,1,monthly,76,gwangju,no
CUST00119,4,51.76,1,monthly,16,gwangju,no
CUST00120,51,41.3,0,monthly,70,seoul,no
CUST00121,5,52.07,3,monthly,40,daegu,yes
CUST00122,68,54.87,2,monthly,44,seoul,yes
CUST00123,60,40.12,2,two_year,85,gwangju,no
CUST00124,27,46.66,2,monthly,23,daejeon,no
CUST00125,29,39.54,1,annual,4,daejeon,no
CUST00126,69,52.55,0,two_year,5,busan,no
CUST00127,19,44.23,1,two_year,27,busan,no
CUST00128,26,34.86,1,annual,52,gwangju,no
CUST00129,66,41.77,2,annual,63,daejeon,no
CUST00130,22,30.32,1,monthly,77,seoul,yes
CUST00131,58,45.98,1,two_year,71,gwangju,no
CUST00132,36,47.19,2,monthly,67,daegu,no
CUST00133,56,85.94,2,two_year,37,busan,no
CUST00134,66,45.81,0,two_year,15,daegu,no
CUST00135,46,23.15,1,annual,52,gwangju,no
CUST00136,19,44.8,0,monthly,89,daejeon,yes
CUST00137,47,35.92,1,monthly,61,gwangju,no
CUST00138,35,32.44,3,monthly,57,busan,no
CUST00139,55,66.18,0,monthly,62,daegu,yes
CUST00140,44,50.66,1,annual,53,daejeon,no
CUST00141,30,58.03,3,annual,78,daegu,no
CUST00142,66,48.43,3,annual,0,daegu,no
CUST00143,44,44.26,3,monthly,88,seoul,yes
CUST00144,27,32.22,1,monthly,36,daegu,no
CUST00145,10,35.3,1,monthly,69,busan,no
CUST00146,67,43.62,3,monthly,1,seoul,no
CUST00147,60,53.3,0,monthly,52,daejeon,no
CUST00148,49,50.0,0,monthly,4,gwangju,no
CUST00149,53,34.78,1,monthly,78,seoul,no
CUST00150,39,41.23,2,two_year,89,gwangju,no
CUST00151,62,37.35,0,monthly,23,daegu,no
CUST00152,52,36.95,3,monthly,76,daegu,yes
CUST00153,7,37.97,1,monthly,7,busan,no
CUST00154,67,44.18,1,monthly,65,gwangju,no
CUST00155,71,50.91,2,annual,30,seoul,no
CUST00156,34,48.81,0,annual,0,daejeon,no
CUST00157,68,18.77,0,monthly,45,gwangju,no
CUST00158,68,52.43,2,two_year,14,seoul,no
CUST00159,66,29.18,1,monthly,80,seoul,no
CUST00160,63,28.06,2,monthly,65,daegu,yes
CUST00161,37,9.9,2,monthly,70,busan,no
CUST00162,40,37.16,0,monthly,86,gwangju,no
CUST00163,28,30.55,2,two_year,13,seoul,no
CUST00164,32,47.11,0,monthly,85,daejeon,no
CUST00165,66,49.19,0,monthly,57,gwangju,no
CUST00166,71,81.36,1,monthly,74,daegu,yes
CUST00167,50,18.74,1,monthly,7,busan,no
CUST00168,65,26.82,0,monthly,83,seoul,no
CUST00169,40,77.95,0,monthly,5,seoul,no
CUST00170,63,38.2,1,annual,82,gwangju,no
CUST00171,14,11.02,2,monthly,48,daegu,no
CUST00172,33,36.17,1,monthly,76,busan,no
CUST00173,37,14.98,3,monthly,46,daejeon,yes
CUST00174,9,34.87,0,two_year,63,daegu,no
CUST00175,29,31.35,2,monthly,10,gwangju,yes
CUST00176,21,30.68,2,annual,74,busan,yes
CUST00177,44,46.93,1,monthly,12,seoul,no
CUST00178,63,39.09,1,two_year,45,busan,no
CUST00179,11,52.72,1,two_year,74,busan,no
CUST00180,56,68.99,0,monthly,58,daegu,no
CUST00181,56,47.49,1,two_year,57,busan,no
CUST00182,50,9.9,1,monthly,79,busan,no
CUST00183,47,71.05,4,monthly,18,seoul,no
CUST00184,50,14.19,1,annual,84,daegu,no
CUST00185,40,36.33,2,monthly,12,gwangju,no
CUST00186,24,40.58,0,monthly,84,gwangju,no
CUST00187,27,40.78,4,monthly,11,seoul,no
CUST00188,47,54.75,1,monthly,20,seoul,no
CUST00189,68,45.62,1,monthly,48,seoul,no
CUST00190,29,43.3,2,annual,9,busan,no
CUST00191,56,38.46,0,two_year,17,seoul,no
CUST00192,45,30.4,1,annual,13,busan,no
CUST00193,11,53.97,5,monthly,55,daegu,yes
CUST00194,29,45.08,2,monthly,64,seoul,yes
CUST00195,51,69.72,1,monthly,57,busan,yes
CUST00196,2,40.22,3,monthly,77,busan,yes
CUST00197,9,37.05,0,two_year,73,daejeon,no
CUST00198,27,53.19,1,annual,2,busan,no
CUST00199,59,48.09,2,monthly,69,gwangju,no
CUST00200,39,34.62,2,monthly,46,gwangju,no
CUST00201,14,35.65,2,two_year,35,seoul,no
CUST00202,25,33.95,0,monthly,3,busan,no
CUST00203,67,38.65,2,two_year,77,seoul,no
CUST00204,30,49.09,4,monthly,65,seoul,yes
CUST00205,3,14.69,1,two_year,45,daegu,no
CUST00206,6,50.01,3,monthly,48,daejeon,yes
CUST00207,67,43.45,0,two_year,73,seoul,no
CUST00208,43,33.55,2,monthly,23,busan,yes
CUST00209,65,81.69,2,monthly,45,daegu,no
CUST00210,60,38.04,3,monthly,56,gwangju,yes
CUST00211,2,57.4,2,annual,49,gwangju,no
CUST00212,19,61.89,1,two_year,54,seoul,no
CUST00213,23,52.94,3,monthly,58,daegu,yes
CUST00214,64,48.2,3,annual,44,daegu,no
CUST00215,54,68.56,0,monthly,78,daejeon,no
CUST00216,53,49.44,0,monthly,60,daegu,no
CUST00217,35,20.86,1,monthly,87,daejeon,no
CUST00218,45,20.15,1,annual,77,seoul,no
CUST00219,24,27.03,0,two_year,74,daegu,no
CUST00220,26,44.7,1,annual,24,seoul,no
CUST00221,2,50.82,0,two_year,88,daegu,no
CUST00222,40,43.31,2,monthly,10,gwangju,no
CUST00223,56,51.64,1,monthly,82,seoul,no
CUST00224,18,34.65,2,annual,8,busan,no
CUST00225,64,76.63,1,monthly,20,daejeon,no
CUST00226,36,27.84,0,two_year,42,busan,no
CUST00227,54,30.65,1,two_year,9,daegu,no
CUST00228,22,68.73,1,two_year,78,gwangju,yes
CUST00229,32,46.32,1,annual,57,seoul,no
CUST00230,27,39.14,3,monthly,77,busan,yes
CUST00231,60,51.93,1,monthly,59,busan,yes
CUST00232,6,50.37,0,monthly,83,busan,yes
CUST00233,19,20.52,1,monthly,40,seoul,yes
CUST00234,16,30.53,3,monthly,23,busan,no
CUST00235,23,45.16,2,monthly,76,gwangju,yes
CUST00236,15,52.07,1,two_year,67,seoul,no
CUST00237,41,26.38,2,monthly,34,daejeon,no
CUST00238,57,15.47,0,monthly,5,daejeon,no
CUST00239,38,35.9,1,monthly,78,seoul,no
CUST00240,4,49.5,0,two_year,1,daegu,yes
CUST00241,49,55.57,4,monthly,19,seoul,no
CUST00242,67,32.36,0,two_year,26,gwangju,no
CUST00243,53,23.53,2,annual,65,busan,yes
CUST00244,36,45.98,2,monthly,15,busan,no
CUST00245,47,34.32,1,monthly,79,seoul,no
CUST00246,47,38.86,0,annual,72,daegu,no
CUST00247,54,35.63,2,monthly,44,busan,no
CUST00248,27,32.5,4,two_year,28,seoul,no
CUST00249,52,40.48,3,monthly,78,daegu,no
CUST00250,32,47.14,0,monthly,61,gwangju,no
CUST00251,71,24.77,2,monthly,24,gwangju,no
CUST00252,26,38.77,0,monthly,56,daegu,no
CUST00253,29,56.05,2,monthly,62,gwangju,yes
CUST00254,56,54.21,3,annual,0,daejeon,yes
CUST00255,23,49.25,1,monthly,75,gwangju,no
CUST00256,24,30.65,3,two_year,49,daegu,no
CUST00257,47,44.48,0,monthly,42,daejeon,no
CUST00258,30,43.17,2,monthly,15,daegu,no
CUST00259,10,60.15,1,annual,58,daejeon,yes
CUST00260,21,38.42,4,annual,24,busan,no
CUST00261,40,39.49,1,monthly,87,daejeon,no
CUST00262,14,55.22,1,annual,38,daejeon,no
CUST00263,42,36.9,1,monthly,89,seoul,no
CUST00264,28,38.31,0,monthly,83,busan,yes
CUST00265,67,37.16,1,annual,36,daejeon,no
CUST00266,38,29.47,3,two_year,54,daegu,no
CUST00267,55,61.59,1,monthly,61,gwangju,no
CUST00268,2,61.5,2,two_year,86,daegu,yes
CUST00269,54,49.64,2,annual,74,busan,no
CUST00270,18,19.96,1,monthly,5,daejeon,no
CUST00271,2,28.8,1,monthly,47,daejeon,no
CUST00272,13,29.91,1,annual,21,busan,yes
CUST00273,69,48.07,0,monthly,77,seoul,no
CUST00274,39,64.78,3,two_year,54,daejeon,no
CUST00275,49,62.54,4,annual,51,busan,no
CUST00276,24,52.19,1,monthly,49,seoul,yes
CUST00277,42,55.85,1,annual,62,seoul,no
CUST00278,9,50.47,1,two_year,20,seoul,no
CUST00279,6,27.24,3,annual,1,daejeon,no
CUST00280,62,49.59,0,monthly,54,daejeon,yes
CUST00281,50,31.38,3,monthly,47,gwangju,no
CUST00282,55,14.38,1,monthly,75,seoul,no
CUST00283,63,38.84,2,monthly,70,daegu,yes
CUST00284,59,36.84,2,monthly,52,busan,no
CUST00285,13,49.89,0,monthly,75,busan,yes
CUST00286,36,31.04,1,two_year,10,busan,no
CUST00287,57,22.98,1,monthly,87,daegu,no
CUST00288,13,56.83,1,annual,29,seoul,no
CUST00289,14,56.15,1,annual,49,daejeon,yes
CUST00290,19,73.66,0,monthly,85,daejeon,yes
CUST00291,49,53.22,2,monthly,57,seoul,yes
CUST00292,1,44.47,1,monthly,31,busan,yes
CUST00293,24,29.93,0,monthly,16,seoul,no
CUST00294,71,40.81,2,monthly,89,daegu,no
CUST00295,16,50.43,2,annual,18,gwangju,yes
CUST00296,37,55.05,3,annual,73,busan,no
CUST00297,18,47.34,1,monthly,7,seoul,no
CUST00298,18,58.17,0,two_year,28,seoul,no
CUST00299,50,25.2,1,monthly,13,busan,no
CUST00300,70,67.78,3,annual,14,seoul,no
CUST00301,10,48.82,1,monthly,38,gwangju,yes
CUST00302,14,54.14,1,monthly,14,seoul,no
CUST00303,39,34.5,3,annual,57,daegu,no
CUST00304,6,20.74,0,annual,62,daejeon,no
CUST00305,4,35.49,0,annual,14,daejeon,no
CUST00306,66,56.22,3,monthly,49,seoul,no
CUST00307,71,70.58,1,two_year,17,gwangju,no
CUST00308,52,52.26,3,monthly,63,daejeon,yes
CUST00309,6,18.24,1,two_year,55,daegu,no
CUST00310,26,40.7,1,annual,13,daejeon,no
CUST00311,57,45.93,0,annual,68,busan,no
CUST00312,1,64.6,1,monthly,89,daejeon,yes
CUST00313,68,42.15,0,annual,61,seoul,no
CUST00314,44,34.49,0,two_year,8,busan,no
CUST00315,17,50.37,3,monthly,41,daegu,yes
CUST00316,66,35.35,4,monthly,81,busan,no
CUST00317,6,50.58,1,monthly,58,busan,yes
CUST00318,41,29.15,0,two_year,30,seoul,no
CUST00319,29,29.24,1,monthly,69,daejeon,yes
CUST00320,49,35.19,2,annual,18,seoul,no
CUST00321,21,60.5,3,monthly,3,daegu,no
CUST00322,1,43.53,2,two_year,77,daegu,yes
CUST00323,16,66.2,0,monthly,78,daejeon,no
CUST00324,34,38.51,1,monthly,85,seoul,yes
CUST00325,51,72.53,2,monthly,21,daejeon,no
CUST00326,50,26.16,1,annual,14,gwangju,no
CUST00327,57,52.66,3,monthly,15,busan,no
CUST00328,49,40.37,2,annual,3,gwangju,no
CUST00329,1,33.13,0,monthly,82,gwangju,yes
CUST00330,33,45.14,1,annual,66,daegu,no
CUST00331,71,35.35,1,monthly,59,daegu,no
CUST00332,5,50.62,1,monthly,86,seoul,yes
CUST00333,42,30.53,1,annual,16,gwangju,no
CUST00334,38,42.76,5,monthly,7,daejeon,no
CUST00335,43,48.5,1,monthly,27,daegu,no
CUST00336,39,62.84,2,annual,50,seoul,no
CUST00337,20,92.5,4,annual,81,daegu,yes
CUST00338,6,49.54,3,monthly,36,daegu,yes
CUST00339,48,51.43,3,two_year,21,daegu,no
CUST00340,23,49.93,2,annual,0,busan,no
CUST00341,68,24.49,2,monthly,86,daejeon,no
CUST00342,32,59.83,2,two_year,14,gwangju,no
CUST00343,15,48.82,2,two_year,28,gwangju,no
CUST00344,36,51.48,0,annual,2,busan,no
CUST00345,62,57.59,2,monthly,13,daejeon,no
CUST00346,51,71.47,0,monthly,87,daegu,no
CUST00347,41,26.35,1,monthly,31,seoul,no
CUST00348,31,54.21,0,annual,75,daegu,no
CUST00349,16,41.92,2,monthly,71,busan,yes
CUST00350,43,45.22,2,two_year,89,busan,no
CUST00351,22,47.06,2,annual,15,busan,no
CUST00352,63,61.1,1,monthly,6,gwangju,no
CUST00353,5,69.87,0,annual,6,daejeon,no
CUST00354,62,57.56,1,monthly,23,daegu,no
CUST00355,46,39.36,3,monthly,86,daejeon,no
CUST00356,50,53.73,2,monthly,72,gwangju,no
CUST00357,62,56.49,1,monthly,72,daegu,no
CUST00358,45,40.72,1,monthly,56,busan,no
CUST00359,40,36.82,1,monthly,86,daegu,no
CUST00360,40,23.13,2,monthly,43,daegu,no
CUST00361,45,58.07,1,annual,79,gwangju,no
CUST00362,61,56.34,1,two_year,34,daegu,no
CUST00363,69,58.55,5,annual,43,busan,no
CUST00364,25,47.13,1,annual,84,busan,no
CUST00365,45,77.03,1,monthly,31,daejeon,no
CUST00366,70,18.9,1,monthly,86,busan,no
CUST00367,25,21.35,1,monthly,1,daejeon,no
CUST00368,7,36.35,0,annual,75,daegu,yes
CUST00369,54,10.41,1,monthly,29,seoul,no
CUST00370,63,64.41,1,monthly,51,busan,no
CUST00371,10,65.64,1,monthly,50,busan,no
CUST00372,24,47.55,2,two_year,6,gwangju,no
CUST00373,58,61.22,2,annual,49,seoul,yes
CUST00374,6,54.67,2,two_year,10,gwangju,no
CUST00375,63,46.34,2,monthly,88,gwangju,no
CUST00376,31,46.58,5,monthly,51,busan,no
CUST00377,61,38.53,1,monthly,78,seoul,no
CUST00378,19,63.68,2,monthly,66,seoul,yes
CUST00379,22,26.5,0,monthly,19,seoul,no
CUST00380,62,68.66,0,annual,57,seoul,no
CUST00381,21,67.81,0,two_year,19,busan,no
CUST00382,57,48.36,1,two_year,49,busan,no
CUST00383,20,55.1,1,monthly,56,daegu,no
CUST00384,9,69.44,0,monthly,70,seoul,no
CUST00385,10,61.62,1,monthly,50,gwangju,no
CUST00386,28,9.9,0,monthly,63,busan,no
CUST00387,23,39.59,2,monthly,9,seoul,yes
CUST00388,25,73.56,1,monthly,61,busan,no
CUST00389,23,39.4,5,monthly,20,daegu,no
CUST00390,21,49.79,2,monthly,34,daegu,no
CUST00391,47,65.4,0,annual,37,seoul,no
CUST00392,24,38.78,0,monthly,13,gwangju,no
CUST00393,7,53.87,2,monthly,19,busan,yes
CUST00394,38,64.96,2,annual,6,gwangju,no
CUST00395,23,40.25,0,two_year,26,seoul,no
CUST00396,10,70.03,1,monthly,60,daegu,yes
CUST00397,51,38.32,1,annual,56,busan,no
CUST00398,14,40.51,1,monthly,43,busan,no
CUST00399,53,56.96,4,annual,26,seoul,no
CUST00400,23,44.32,1,two_year,28,seoul,no
CUST00401,60,62.18,1,monthly,86,daegu,no
CUST00402,5,42.2,0,annual,4,daegu,yes
CUST00403,9,27.91,1,monthly,65,daegu,no
CUST00404,24,52.49,2,monthly,27,daejeon,no
CUST00405,60,54.97,1,two_year,2,busan,no
CUST00406,34,57.55,1,monthly,77,gwangju,no
CUST00407,30,52.01,0,monthly,75,daejeon,no
CUST00408,71,72.77,0,monthly,7,gwangju,no
CUST00409,43,39.06,3,two_year,76,seoul,no
CUST00410,24,36.95,2,two_year,46,gwangju,no
CUST00411,3,59.06,2,two_year,45,seoul,yes
CUST00412,17,74.74,2,monthly,6,busan,no
CUST00413,15,41.83,2,monthly,52,seoul,yes
CUST00414,66,36.68,1,annual,19,daejeon,no
CUST00415,12,29.84,1,two_year,3,busan,no
CUST00416,23,59.54,1,monthly,85,daegu,yes
CUST00417,36,62.47,0,annual,2,daejeon,no
CUST00418,39,43.7,1,annual,82,busan,no
CUST00419,31,39.89,1,annual,23,gwangju,no
CUST00420,12,37.57,0,two_year,53,daegu,no
CUST00421,2,48.76,0,monthly,65,gwangju,yes
CUST00422,52,51.86,3,monthly,55,busan,no
CUST00423,5,35.47,1,two_year,9,busan,yes
CUST00424,70,50.8,3,monthly,69,seoul,no
CUST00425,42,42.61,2,monthly,67,seoul,yes
CUST00426,32,40.76,1,two_year,41,seoul,no
CUST00427,37,18.53,0,monthly,31,seoul,no
CUST00428,64,38.37,1,monthly,49,busan,no
CUST00429,59,39.17,2,two_year,57,busan,no
CUST00430,55,76.49,2,monthly,4,daegu,no
CUST00431,9,56.75,0,monthly,51,seoul,yes
CUST00432,63,26.26,0,two_year,66,gwangju,no
CUST00433,9,34.49,0,monthly,7,daegu,no
CUST00434,42,37.0,1,annual,75,gwangju,no
CUST00435,32,47.85,0,monthly,27,daejeon,no
CUST00436,13,54.09,1,monthly,87,daejeon,no
CUST00437,48,48.89,1,monthly,77,daejeon,no
CUST00438,48,70.67,0,monthly,78,busan,no
CUST00439,6,53.1,2,annual,47,daejeon,no
CUST00440,15,30.77,4,annual,71,daejeon,no
CUST00441,45,45.51,1,monthly,32,gwangju,no
CUST00442,34,42.1,0,monthly,36,seoul,no
CUST00443,52,27.95,1,two_year,1,daejeon,no
CUST00444,20,28.1,4,monthly,26,busan,yes
CUST00445,44,35.07,2,annual,2,busan,no
CUST00446,6,33.06,3,monthly,83,daejeon,yes
CUST00447,35,32.65,0,monthly,31,daejeon,no
CUST00448,15,25.97,2,monthly,56,gwangju,yes
CUST00449,3,71.81,0,monthly,10,daegu,yes
CUST00450,37,34.18,0,two_year,48,gwangju,no
CUST00451,6,44.05,4,monthly,43,busan,yes
CUST00452,41,49.52,1,annual,83,daegu,no
CUST00453,18,33.59,0,annual,2,seoul,no
CUST00454,70,53.93,0,annual,75,gwangju,yes
CUST00455,38,40.97,0,monthly,22,seoul,no
CUST00456,71,14.15,0,monthly,48,busan,no
CUST00457,70,39.6,1,monthly,49,seoul,no
CUST00458,62,47.5,1,monthly,53,busan,no
CUST00459,58,34.47,0,monthly,24,busan,no
CUST00460,39,46.72,1,annual,51,daegu,yes
CUST00461,29,43.65,1,annual,63,gwangju,yes
CUST00462,52,43.36,2,monthly,26,gwangju,no
CUST00463,15,17.45,1,two_year,23,seoul,yes
CUST00464,44,31.25,0,monthly,65,gwangju,yes
CUST00465,42,71.06,2,two_year,80,busan,no
CUST00466,4,71.68,2,monthly,68,busan,yes
CUST00467,1,54.21,0,annual,27,daegu,no
CUST00468,7,39.2,3,annual,2,daejeon,no
CUST00469,23,37.26,0,annual,81,busan,no
CUST00470,50,59.41,2,monthly,11,daegu,no
CUST00471,14,16.65,3,monthly,41,daegu,no
CUST00472,38,51.77,2,annual,29,daegu,no
CUST00473,20,33.85,0,monthly,16,daejeon,no
CUST00474,9,66.62,4,monthly,81,busan,yes
CUST00475,10,42.93,3,annual,81,gwangju,no
CUST00476,32,57.29,3,monthly,17,daegu,no
CUST00477,42,59.8,1,monthly,4,gwangju,no
CUST00478,51,40.94,0,annual,64,seoul,no
CUST00479,9,29.88,1,two_year,52,daegu,no
CUST00480,57,50.88,0,monthly,44,gwangju,no
CUST00481,19,38.1,0,monthly,62,gwangju,no
CUST00482,17,11.68,0,two_year,45,daejeon,no
CUST00483,24,26.01,1,annual,56,seoul,no
CUST00484,60,43.98,1,monthly,1,busan,no
CUST00485,10,38.87,3,monthly,18,daegu,no
CUST00486,12,45.77,0,annual,52,daegu,no
CUST00487,35,39.1,1,monthly,89,gwangju,yes
CUST00488,14,41.49,0,monthly,18,daejeon,no
CUST00489,69,21.03,3,annual,6,gwangju,no
CUST00490,65,52.96,4,annual,26,busan,no
CUST00491,68,32.64,0,monthly,34,gwangju,no
CUST00492,48,48.65,1,monthly,88,gwangju,yes
CUST00493,67,45.05,0,monthly,4,daegu,no
CUST00494,25,31.78,1,monthly,47,daejeon,yes
CUST00495,43,22.99,4,monthly,16,seoul,no
CUST00496,55,53.78,3,annual,33,seoul,no
CUST00497,37,47.24,1,monthly,42,seoul,yes
CUST00498,29,57.68,1,annual,77,daejeon,yes
CUST00499,24,47.93,1,monthly,37,daejeon,no
CUST00500,42,29.04,2,monthly,65,seoul,no
CUST00501,44,14.3,1,monthly,85,busan,no
CUST00502,63,46.66,0,monthly,54,daejeon,no
CUST00503,70,33.24,2,two_year,84,daejeon,no
CUST00504,15,78.42,2,monthly,21,daegu,yes
CUST00505,16,62.0,0,monthly,40,seoul,no
CUST00506,31,52.26,0,two_year,35,busan,no
CUST00507,54,44.64,0,two_year,58,daejeon,no
CUST00508,61,32.97,1,monthly,17,gwangju,no
CUST00509,23,64.06,0,monthly,17,daejeon,no
CUST00510,67,32.08,1,two_year,10,seoul,no
CUST00511,67,55.22,2,monthly,28,daegu,yes
CUST00512,68,41.35,3,two_year,28,gwangju,no
CUST00513,47,52.08,1,monthly,67,gwangju,no
CUST00514,33,65.48,1,annual,9,daejeon,no
CUST00515,15,50.29,1,monthly,41,daegu,yes
CUST00516,60,89.01,1,annual,5,gwangju,no
CUST00517,42,38.46,1,monthly,8,gwangju,no
CUST00518,42,47.64,2,annual,85,busan,yes
CUST00519,51,31.82,1,monthly,14,busan,no
CUST00520,19,33.75,0,annual,65,daegu,yes
CUST00521,64,42.28,0,monthly,47,gwangju,no
CUST00522,47,47.09,1,two_year,77,daegu,no
CUST00523,70,47.51,3,monthly,37,daejeon,no
CUST00524,56,47.4,2,annual,1,daegu,no
CUST00525,48,56.32,3,two_year,34,busan,no
CUST00526,57,54.58,1,annual,87,busan,no
CUST00527,35,69.29,2,monthly,14,gwangju,no
CUST00528,22,43.72,2,annual,58,daejeon,no
CUST00529,8,27.13,2,monthly,36,daejeon,no
CUST00530,66,38.54,0,monthly,58,seoul,no
CUST00531,63,78.97,2,annual,84,gwangju,no
CUST00532,19,44.39,2,monthly,69,daegu,yes
CUST00533,58,65.61,2,monthly,79,daegu,no
CUST00534,9,42.43,1,two_year,29,daejeon,no
CUST00535,43,56.26,6,monthly,29,busan,no
CUST00536,16,59.92,1,two_year,76,busan,no
CUST00537,11,37.31,2,monthly,31,daegu,yes
CUST00538,21,32.36,3,monthly,63,daejeon,no
CUST00539,32,36.99,2,monthly,48,seoul,no
CUST00540,16,36.47,3,monthly,32,gwangju,yes
CUST00541,6,26.47,1,monthly,41,busan,yes
CUST00542,38,39.41,0,two_year,3,gwangju,no
CUST00543,67,44.42,1,monthly,61,daejeon,no
CUST00544,61,44.72,1,monthly,48,daejeon,no
CUST00545,2,33.47,2,annual,28,busan,no
CUST00546,6,34.84,0,monthly,18,daegu,no
CUST00547,47,31.45,3,monthly,63,busan,yes
CUST00548,69,34.6,4,annual,89,busan,no
CUST00549,15,27.54,1,monthly,82,daejeon,yes
CUST00550,27,46.35,0,monthly,31,busan,no
CUST00551,14,23.16,2,monthly,54,busan,yes
CUST00552,13,38.19,0,monthly,21,seoul,no
CUST00553,39,47.06,1,annual,22,daegu,no
CUST00554,71,71.57,5,two_year,20,busan,no
CUST00555,33,41.93,1,annual,29,daejeon,no
CUST00556,33,39.55,0,monthly,27,daegu,no
CUST00557,47,53.09,2,monthly,78,seoul,yes
CUST00558,28,52.59,2,monthly,37,daegu,no
CUST00559,48,62.73,2,monthly,10,daegu,no
CUST00560,38,70.35,2,monthly,18,seoul,no
CUST00561,6,50.61,1,annual,56,daejeon,yes
CUST00562,45,30.64,0,monthly,14,seoul,no
CUST00563,42,45.38,3,monthly,50,busan,yes
CUST00564,32,47.65,0,annual,64,gwangju,yes
CUST00565,49,36.76,0,monthly,10,daejeon,no
CUST00566,69,50.36,0,two_year,39,seoul,no
CUST00567,68,53.41,2,monthly,82,gwangju,yes
CUST00568,45,29.67,1,two_year,22,daegu,no
CUST00569,5,56.85,3,two_year,19,seoul,no
CUST00570,21,41.56,0,monthly,79,seoul,no
CUST00571,36,31.41,2,annual,66,seoul,no
CUST00572,9,45.45,2,monthly,82,daejeon,yes
CUST00573,14,37.06,2,annual,51,seoul,yes
CUST00574,35,13.06,2,annual,18,daejeon,no
CUST00575,29,46.92,4,monthly,0,busan,no
CUST00576,60,62.26,1,two_year,87,seoul,no
CUST00577,37,38.12,4,monthly,36,busan,no
CUST00578,49,50.69,1,monthly,44,daejeon,no
CUST00579,18,26.79,2,two_year,52,busan,no
CUST00580,4,28.52,1,annual,3,daegu,no
CUST00581,2,33.02,1,two_year,29,daejeon,no
CUST00582,9,29.37,0,monthly,69,gwangju,no
CUST00583,12,53.37,0,monthly,26,daejeon,no
CUST00584,69,31.91,3,monthly,85,seoul,no
CUST00585,15,21.04,1,annual,81,daegu,no
CUST00586,21,33.99,1,monthly,50,seoul,no
CUST00587,22,50.99,1,monthly,29,gwangju,yes
CUST00588,49,36.49,0,two_year,73,gwangju,no
CUST00589,32,40.7,1,monthly,73,seoul,no
CUST00590,14,48.71,1,monthly,75,busan,yes
CUST00591,66,54.84,0,monthly,75,seoul,no
CUST00592,30,50.77,0,annual,77,daejeon,yes
CUST00593,10,26.52,1,monthly,44,daejeon,no
CUST00594,71,55.09,1,monthly,8,gwangju,no
CUST00595,2,50.79,0,monthly,4,busan,no
CUST00596,47,45.75,2,two_year,38,busan,no
CUST00597,54,47.53,0,monthly,80,gwangju,no
CUST00598,15,60.2,0,monthly,11,busan,no
CUST00599,17,28.97,2,monthly,14,daegu,no
CUST00600,9,32.07,0,two_year,61,busan,no
CUST00601,47,35.12,2,annual,81,seoul,no
CUST00602,55,50.77,2,monthly,4,daegu,no
CUST00603,13,21.69,1,two_year,55,daejeon,no
CUST00604,18,50.26,1,monthly,86,daegu,yes
CUST00605,27,45.91,1,annual,74,seoul,no
CUST00606,18,54.05,1,monthly,23,seoul,no
CUST00607,10,29.69,3,monthly,36,busan,no
CUST00608,39,38.1,1,annual,26,gwangju,no
CUST00609,21,41.7,1,two_year,77,gwangju,no
CUST00610,32,53.09,4,monthly,76,busan,yes
CUST00611,44,67.63,1,two_year,60,seoul,no
CUST00612,33,37.37,4,monthly,63,daegu,yes
CUST00613,49,22.26,3,monthly,53,busan,no
CUST00614,27,36.48,1,monthly,41,busan,yes
CUST00615,18,45.35,4,annual,72,busan,no
CUST00616,38,53.95,0,annual,61,busan,no
CUST00617,34,57.48,1,monthly,39,busan,no
CUST00618,54,46.3,0,annual,42,busan,no
CUST00619,30,60.2,0,monthly,71,daejeon,yes
CUST00620,57,76.89,2,two_year,28,busan,no
CUST00621,48,43.41,1,monthly,50,daejeon,no
CUST00622,53,71.34,1,annual,11,daejeon,no
CUST00623,23,49.11,2,monthly,81,daejeon,no
CUST00624,36,59.9,0,annual,53,gwangju,no
CUST00625,20,43.75,2,monthly,30,gwangju,yes
CUST00626,48,40.89,0,monthly,33,gwangju,no
CUST00627,26,54.36,1,monthly,20,daejeon,no
CUST00628,68,29.35,3,monthly,67,daegu,yes
CUST00629,36,62.64,0,monthly,28,busan,no
CUST00630,44,18.33,1,monthly,39,busan,no
CUST00631,14,28.08,2,monthly,83,seoul,yes
CUST00632,54,55.31,2,monthly,31,daegu,no
CUST00633,68,24.16,1,annual,46,seoul,no
CUST00634,69,29.55,0,annual,80,gwangju,no
CUST00635,61,42.95,2,two_year,88,daegu,no
CUST00636,35,73.58,2,two_year,89,daejeon,no
CUST00637,1,79.94,0,monthly,20,daegu,no
CUST00638,35,15.83,0,monthly,28,daejeon,no
CUST00639,33,55.95,1,monthly,88,daegu,yes
CUST00640,41,32.82,2,annual,79,busan,no
CUST00641,13,50.69,1,monthly,8,gwangju,no
CUST00642,6,67.77,1,annual,40,daegu,no
CUST00643,46,54.88,1,annual,76,daejeon,yes
CUST00644,2,47.79,1,monthly,79,gwangju,no
CUST00645,64,61.8,3,annual,23,gwangju,no
CUST00646,33,42.33,1,monthly,6,gwangju,no
CUST00647,12,45.99,1,annual,29,seoul,no
CUST00648,23,32.48,1,annual,71,gwangju,no
CUST00649,51,41.66,3,annual,7,daejeon,no
CUST00650,54,53.97,1,two_year,73,busan,no
CUST00651,62,50.9,2,annual,49,seoul,no
CUST00652,49,49.42,0,annual,23,daejeon,no
CUST00653,14,37.57,3,monthly,1,daejeon,no
CUST00654,12,37.11,3,annual,84,busan,yes
CUST00655,70,60.97,0,annual,60,seoul,no
CUST00656,47,43.75,2,annual,88,daejeon,no
CUST00657,25,43.25,1,monthly,54,daejeon,no
CUST00658,70,46.45,2,monthly,33,daegu,no
CUST00659,30,34.9,1,two_year,38,seoul,no
CUST00660,47,10.92,0,monthly,4,seoul,no
CUST00661,71,47.76,1,two_year,8,busan,no
CUST00662,64,40.49,1,annual,29,gwangju,no
CUST00663,29,38.83,1,monthly,17,gwangju,yes
CUST00664,36,37.63,1,two_year,76,daejeon,no
CUST00665,64,33.27,1,monthly,67,busan,no
CUST00666,56,65.54,2,monthly,47,busan,yes
CUST00667,22,36.04,0,annual,23,daejeon,no
CUST00668,42,55.87,0,monthly,34,gwangju,no
CUST00669,50,50.69,0,monthly,13,daejeon,no
CUST00670,22,55.22,1,monthly,46,daegu,yes
CUST00671,55,59.49,0,annual,7,daegu,no
CUST00672,64,38.08,1,annual,78,gwangju,no
CUST00673,33,40.88,0,monthly,11,seoul,no
CUST00674,19,46.32,1,two_year,70,seoul,no
CUST00675,40,60.36,3,monthly,18,seoul,no
CUST00676,70,73.34,0,annual,14,seoul,no
CUST00677,67,48.86,0,annual,68,busan,no
CUST00678,56,39.78,2,two_year,25,daejeon,no
CUST00679,67,35.0,2,annual,7,gwangju,no
CUST00680,51,29.79,2,monthly,38,gwangju,no
CUST00681,24,25.74,1,monthly,68,seoul,no
CUST00682,68,64.46,0,two_year,17,gwangju,no
CUST00683,41,51.21,1,monthly,4,gwangju,no
CUST00684,23,59.26,1,monthly,43,gwangju,no
CUST00685,15,45.25,2,annual,61,busan,yes
CUST00686,27,43.09,2,monthly,46,daegu,no
CUST00687,35,44.01,1,monthly,1,busan,yes
CUST00688,37,41.61,2,annual,89,busan,no
CUST00689,71,37.24,0,monthly,56,gwangju,no
CUST00690,9,53.1,1,monthly,6,daegu,yes
CUST00691,27,41.81,4,annual,15,daegu,no
CUST00692,52,51.49,2,monthly,50,daegu,no
CUST00693,58,40.45,0,monthly,66,busan,no
CUST00694,37,27.84,0,monthly,13,daejeon,no
CUST00695,29,56.44,2,monthly,36,gwangju,yes
CUST00696,3,57.72,1,monthly,15,daejeon,no
CUST00697,56,52.05,0,monthly,29,daejeon,no
CUST00698,15,36.3,4,annual,1,seoul,no
CUST00699,25,39.92,2,two_year,1,gwangju,no
CUST00700,71,25.15,0,monthly,47,busan,no
CUST00701,24,51.45,2,monthly,0,busan,no
CUST00702,31,50.19,3,annual,31,busan,no
CUST00703,63,35.13,2,annual,6,busan,no
CUST00704,62,27.57,3,monthly,17,busan,no
CUST00705,60,57.62,1,two_year,33,daejeon,no
CUST00706,42,59.88,0,annual,57,daejeon,no
CUST00707,69,57.48,2,annual,23,seoul,no
CUST00708,23,66.29,0,annual,36,seoul,no
CUST00709,65,36.21,0,two_year,89,busan,no
CUST00710,4,33.18,2,two_year,15,gwangju,no
CUST00711,51,57.77,0,monthly,55,daejeon,no
CUST00712,25,45.99,0,annual,1,daejeon,no
CUST00713,71,11.11,1,monthly,11,daejeon,no
CUST00714,66,9.9,2,monthly,34,daegu,no
CUST00715,24,40.45,3,monthly,48,seoul,yes
CUST00716,19,33.36,2,two_year,52,seoul,yes
CUST00717,43,35.46,2,monthly,29,daejeon,no
CUST00718,31,60.85,0,annual,83,gwangju,yes
CUST00719,68,37.66,0,annual,75,daejeon,no
CUST00720,36,31.42,2,annual,69,seoul,no
CUST00721,7,78.62,1,monthly,71,busan,yes
CUST00722,41,39.83,1,monthly,30,daegu,yes
CUST00723,18,29.58,1,monthly,79,daejeon,yes
CUST00724,17,40.26,0,annual,50,busan,no
CUST00725,46,67.37,2,monthly,50,seoul,no
CUST00726,4,39.56,1,two_year,16,busan,yes
CUST00727,12,42.45,2,annual,52,daegu,no
CUST00728,42,36.7,0,two_year,86,daegu,no
CUST00729,26,46.76,0,monthly,5,daejeon,no
CUST00730,69,41.49,3,monthly,8,busan,no
CUST00731,66,32.52,1,monthly,8,seoul,no
CUST00732,66,52.62,1,monthly,37,daejeon,no
CUST00733,44,53.14,1,monthly,10,seoul,no
CUST00734,57,43.87,0,monthly,2,gwangju,no
CUST00735,65,56.67,0,monthly,4,gwangju,no
CUST00736,30,56.26,2,monthly,55,daegu,yes
CUST00737,19,36.29,0,monthly,43,gwangju,no
CUST00738,71,36.6,2,annual,76,daejeon,no
CUST00739,22,60.0,0,monthly,81,daegu,yes
CUST00740,51,48.22,0,monthly,80,seoul,no
CUST00741,6,52.2,2,two_year,67,gwangju,no
CUST00742,27,64.78,2,monthly,70,seoul,yes
CUST00743,67,19.73,1,monthly,45,gwangju,no
CUST00744,29,42.35,1,monthly,82,daejeon,no
CUST00745,58,33.43,1,monthly,53,gwangju,no
CUST00746,10,42.29,1,annual,55,gwangju,no
CUST00747,27,66.37,2,monthly,23,daejeon,yes
CUST00748,5,24.71,1,two_year,31,daegu,no
CUST00749,61,69.02,2,monthly,70,daejeon,no
CUST00750,37,48.59,0,monthly,33,daejeon,no
CUST00751,1,50.09,1,annual,53,seoul,no
CUST00752,27,32.26,0,annual,48,daejeon,no
CUST00753,55,57.51,1,monthly,39,daejeon,yes
CUST00754,26,20.61,1,monthly,4,seoul,yes
CUST00755,10,42.13,2,monthly,30,daegu,yes
CUST00756,49,72.55,2,monthly,39,daegu,no
CUST00757,71,39.27,2,annual,85,daejeon,no
CUST00758,34,34.68,4,annual,87,daegu,no
CUST00759,23,55.43,0,annual,21,busan,no
CUST00760,26,31.73,1,monthly,55,gwangju,no
CUST00761,63,26.52,0,monthly,45,gwangju,no
CUST00762,3,57.86,2,annual,78,seoul,yes
CUST00763,58,52.17,1,annual,0,gwangju,no
CUST00764,45,24.09,2,monthly,46,gwangju,no
CUST00765,36,47.06,2,monthly,87,busan,yes
CUST00766,16,58.73,0,monthly,86,daejeon,yes
CUST00767,57,51.11,3,annual,78,daegu,no
CUST00768,6,57.16,2,annual,2,daegu,no
CUST00769,55,27.51,2,annual,28,daejeon,no
CUST00770,11,67.26,3,monthly,84,gwangju,yes
CUST00771,40,29.34,0,monthly,47,daegu,no
CUST00772,15,85.59,2,monthly,61,daegu,no
CUST00773,71,32.59,2,annual,72,daegu,no
CUST00774,43,50.24,1,two_year,12,gwangju,no
CUST00775,35,59.88,1,monthly,39,seoul,yes
CUST00776,7,62.98,2,monthly,44,seoul,yes
CUST00777,44,41.76,1,two_year,48,daejeon,no
CUST00778,22,77.54,2,monthly,32,seoul,no
CUST00779,31,60.94,2,monthly,27,busan,no
CUST00780,41,9.9,1,monthly,21,daegu,no
CUST00781,35,51.81,3,monthly,16,busan,no
CUST00782,34,45.33,2,monthly,83,busan,yes
CUST00783,28,9.9,1,monthly,41,busan,no
CUST00784,62,28.73,1,monthly,41,gwangju,no
CUST00785,42,26.08,2,annual,69,seoul,no
CUST00786,29,64.54,2,monthly,1,gwangju,no
CUST00787,2,46.53,0,monthly,14,daegu,no
CUST00788,63,33.83,0,two_year,20,busan,no
CUST00789,17,35.82,1,annual,19,busan,yes
CUST00790,22,42.67,1,two_year,31,busan,no
CUST00791,63,47.81,1,annual,72,daegu,yes
CUST00792,42,32.04,1,monthly,7,daejeon,no
CUST00793,59,60.08,4,monthly,6,daejeon,no
CUST00794,4,58.04,1,monthly,72,gwangju,yes
CUST00795,69,37.34,1,monthly,0,seoul,no
CUST00796,22,28.69,1,monthly,40,busan,no
CUST00797,54,57.16,3,annual,19,seoul,no
CUST00798,33,32.73,2,two_year,53,daejeon,no
CUST00799,21,37.28,1,annual,84,busan,no
CUST00800,36,26.34,1,two_year,63,daejeon,no
CUST00801,47,23.54,2,monthly,24,busan,yes
CUST00802,71,46.12,2,monthly,72,daegu,yes
CUST00803,48,34.01,1,monthly,74,busan,no
CUST00804,41,47.91,0,annual,65,daegu,no
CUST00805,70,57.04,1,two_year,40,busan,no
CUST00806,22,52.13,4,two_year,68,daejeon,no
CUST00807,59,22.37,1,two_year,33,daegu,no
CUST00808,31,73.42,1,monthly,34,daejeon,no
CUST00809,51,48.1,1,monthly,67,daejeon,no
CUST00810,23,29.94,1,monthly,10,gwangju,no
CUST00811,3,70.27,1,two_year,72,busan,no
CUST00812,40,47.55,2,annual,13,seoul,no
CUST00813,43,34.53,2,annual,80,seoul,yes
CUST00814,52,24.52,2,monthly,34,busan,no
CUST00815,52,64.9,2,monthly,41,gwangju,no
CUST00816,2,12.67,0,monthly,84,daejeon,yes
CUST00817,2,60.38,0,annual,25,daegu,no
CUST00818,66,54.89,1,monthly,58,gwangju,no
CUST00819,2,64.26,1,annual,11,daejeon,no
CUST00820,43,65.64,2,annual,64,daejeon,yes
CUST00821,39,56.62,0,annual,67,daegu,no
CUST00822,60,17.34,2,annual,29,busan,no
CUST00823,40,56.06,0,monthly,0,daegu,no
CUST00824,41,30.06,0,monthly,9,daejeon,yes
CUST00825,30,25.64,0,monthly,42,gwangju,no
CUST00826,12,36.69,2,annual,15,daejeon,no
CUST00827,60,42.76,1,monthly,75,busan,no
CUST00828,27,34.32,2,monthly,19,daejeon,no
CUST00829,1,58.69,0,annual,84,gwangju,yes
CUST00830,17,33.77,4,monthly,24,daejeon,yes
CUST00831,9,38.91,4,monthly,11,daegu,yes
CUST00832,34,26.17,1,annual,5,daegu,no
CUST00833,46,57.95,1,monthly,64,daejeon,no
CUST00834,11,33.92,3,monthly,73,busan,yes
CUST00835,23,56.09,0,monthly,68,daejeon,no
CUST00836,3,68.66,1,annual,88,daejeon,yes
CUST00837,9,38.52,1,two_year,31,daegu,no
CUST00838,70,52.69,1,annual,55,seoul,no
CUST00839,5,51.04,2,two_year,54,busan,yes
CUST00840,21,51.46,3,annual,64,seoul,yes
CUST00841,15,46.02,0,annual,23,seoul,yes
CUST00842,4,29.38,1,monthly,43,gwangju,yes
CUST00843,6,49.99,1,annual,79,daejeon,yes
CUST00844,39,27.99,1,monthly,49,seoul,no
CUST00845,17,40.04,2,monthly,52,gwangju,yes
CUST00846,45,54.82,2,monthly,89,daegu,no
CUST00847,27,55.66,1,monthly,23,seoul,no
CUST00848,67,32.16,2,annual,77,gwangju,no
CUST00849,63,27.56,2,two_year,45,daejeon,no
CUST00850,68,57.82,3,monthly,85,daejeon,no
CUST00851,49,33.89,4,monthly,6,seoul,no
CUST00852,42,48.76,1,annual,77,daejeon,no
CUST00853,31,64.43,2,annual,64,daegu,yes
CUST00854,33,55.93,3,monthly,6,seoul,no
CUST00855,42,51.62,2,monthly,5,busan,no
CUST00856,34,9.9,5,monthly,62,daegu,no
CUST00857,33,52.27,2,two_year,2,gwangju,yes
CUST00858,3,47.5,4,monthly,72,daejeon,yes
CUST00859,5,25.83,5,annual,58,seoul,yes
CUST00860,10,19.29,1,monthly,68,seoul,no
CUST00861,49,28.56,0,monthly,45,daegu,no
CUST00862,37,46.31,0,monthly,21,daejeon,no
CUST00863,2,52.0,2,monthly,16,gwangju,no
CUST00864,7,51.35,1,annual,31,daejeon,no
CUST00865,10,63.7,2,monthly,60,daegu,yes
CUST00866,19,20.61,2,annual,34,busan,no
CUST00867,39,30.77,2,annual,55,busan,no
CUST00868,32,58.02,3,two_year,19,gwangju,no
CUST00869,36,32.91,0,monthly,24,daegu,no
CUST00870,13,43.42,2,annual,65,gwangju,yes
CUST00871,32,48.18,2,annual,0,busan,no
CUST00872,63,35.78,1,two_year,77,seoul,no
CUST00873,15,57.06,2,annual,46,daejeon,no
CUST00874,63,57.89,1,monthly,53,busan,no
CUST00875,36,48.66,0,monthly,44,daegu,no
CUST00876,38,28.44,0,monthly,4,daegu,no
CUST00877,36,36.95,1,monthly,87,seoul,no
CUST00878,8,31.21,0,monthly,50,seoul,no
CUST00879,20,45.99,1,two_year,30,gwangju,no
CUST00880,41,48.01,1,annual,51,gwangju,no
CUST00881,59,33.09,1,annual,69,busan,no
CUST00882,3,67.55,1,monthly,47,daegu,yes
CUST00883,50,51.02,2,two_year,9,seoul,no
CUST00884,57,51.92,1,two_year,9,busan,no
CUST00885,8,55.78,2,monthly,7,gwangju,no
CUST00886,69,71.38,0,two_year,21,daejeon,no
CUST00887,11,58.84,3,monthly,49,daegu,yes
CUST00888,7,52.6,0,monthly,85,daegu,yes
CUST00889,39,44.8,0,monthly,2,daegu,no
CUST00890,61,36.33,0,monthly,74,seoul,no
CUST00891,15,48.4,0,monthly,76,seoul,no
CUST00892,68,40.52,3,annual,27,daegu,no
CUST00893,54,61.48,1,monthly,31,gwangju,no
CUST00894,64,55.02,1,monthly,38,daejeon,no
CUST00895,9,19.59,3,monthly,29,gwangju,no
CUST00896,71,53.57,0,two_year,53,seoul,no
CUST00897,17,47.6,3,monthly,1,daegu,yes
CUST00898,61,46.27,1,two_year,21,daegu,no
CUST00899,23,40.41,3,annual,50,gwangju,no
CUST00900,3,59.64,1,monthly,5,gwangju,yes
CUST00901,18,55.51,0,monthly,9,daegu,no
CUST00902,27,38.83,0,monthly,20,busan,no
CUST00903,10,63.03,1,monthly,53,busan,yes
CUST00904,66,38.76,1,two_year,67,busan,no
CUST00905,54,41.64,0,monthly,31,busan,no
CUST00906,20,70.76,2,monthly,76,daejeon,no
CUST00907,42,54.63,0,monthly,25,daejeon,no
CUST00908,42,44.64,1,two_year,53,daejeon,no
CUST00909,10,41.85,1,annual,11,seoul,no
CUST00910,59,32.36,4,monthly,10,daegu,no
CUST00911,20,50.33,4,annual,82,busan,yes
CUST00912,69,63.08,1,two_year,17,gwangju,no
CUST00913,15,27.42,1,annual,1,daegu,no
CUST00914,59,44.55,1,monthly,6,gwangju,yes
CUST00915,41,38.78,1,monthly,87,gwangju,no
CUST00916,24,17.85,1,annual,30,seoul,yes
CUST00917,61,38.23,1,annual,69,daegu,no
CUST00918,8,53.92,1,monthly,62,busan,yes
CUST00919,36,31.55,0,annual,26,daegu,no
CUST00920,51,22.2,0,annual,49,seoul,no
CUST00921,42,65.16,2,annual,88,gwangju,no
CUST00922,49,64.83,3,monthly,35,gwangju,yes
CUST00923,61,72.48,3,two_year,9,seoul,no
CUST00924,9,33.37,1,annual,18,daegu,no
CUST00925,2,29.78,2,monthly,8,daegu,yes
CUST00926,21,68.81,0,two_year,55,daegu,no
CUST00927,23,38.98,1,annual,2,busan,no
CUST00928,8,54.24,0,monthly,20,daejeon,no
CUST00929,42,77.66,1,annual,45,daegu,no
CUST00930,59,26.95,1,monthly,38,busan,no
CUST00931,56,58.47,0,annual,61,daegu,no
CUST00932,13,26.12,1,monthly,81,busan,yes
CUST00933,13,39.16,1,monthly,59,gwangju,yes
CUST00934,19,19.71,1,two_year,84,daejeon,no
CUST00935,2,37.71,1,monthly,1,daegu,no
CUST00936,38,44.63,1,monthly,39,daegu,no
CUST00937,57,45.56,0,monthly,50,gwangju,no
CUST00938,32,17.47,2,monthly,51,daejeon,no
CUST00939,42,68.46,1,monthly,52,daegu,no
CUST00940,59,10.73,0,monthly,81,busan,no
CUST00941,54,71.71,4,monthly,83,busan,no
CUST00942,26,67.82,3,monthly,32,seoul,yes
CUST00943,16,66.91,0,two_year,67,busan,no
CUST00944,7,29.17,1,monthly,50,daejeon,no
CUST00945,7,12.73,3,monthly,18,busan,no
CUST00946,55,42.04,1,annual,38,daegu,no
CUST00947,58,43.01,0,monthly,58,daejeon,no
CUST00948,30,17.02,0,monthly,39,busan,no
CUST00949,18,52.06,2,annual,66,daejeon,yes
CUST00950,65,64.02,4,annual,13,daegu,no
CUST00951,41,55.78,1,two_year,43,daegu,no
CUST00952,50,51.88,3,monthly,84,gwangju,no
CUST00953,26,55.29,2,two_year,2,daejeon,no
CUST00954,63,51.93,1,monthly,15,busan,no
CUST00955,71,15.1,1,annual,49,daejeon,no
CUST00956,1,47.43,1,monthly,28,gwangju,no
CUST00957,1,57.57,3,monthly,74,gwangju,yes
CUST00958,43,30.06,2,annual,48,gwangju,no
CUST00959,21,31.13,1,monthly,16,seoul,no
CUST00960,12,55.17,3,monthly,27,busan,yes
CUST00961,6,50.19,1,monthly,11,daegu,yes
CUST00962,59,46.69,2,monthly,71,daegu,no
CUST00963,41,62.45,1,annual,65,gwangju,yes
CUST00964,10,30.6,2,monthly,54,daejeon,no
CUST00965,31,48.44,0,monthly,26,daegu,no
CUST00966,20,37.69,0,annual,44,daejeon,yes
CUST00967,66,35.39,2,monthly,12,daejeon,no
CUST00968,5,43.05,3,monthly,75,daegu,yes
CUST00969,8,50.18,1,two_year,57,gwangju,no
CUST00970,45,48.79,3,monthly,6,seoul,no
CUST00971,9,27.8,2,monthly,11,busan,no
CUST00972,46,29.31,0,monthly,14,busan,no
CUST00973,26,34.53,4,monthly,50,daejeon,yes
CUST00974,54,54.18,0,annual,7,gwangju,no
CUST00975,58,25.86,2,monthly,14,busan,no
CUST00976,52,44.97,2,two_year,46,daejeon,no
CUST00977,14,61.21,2,monthly,34,seoul,no
CUST00978,65,37.28,0,annual,69,daejeon,no
CUST00979,28,40.49,2,monthly,53,seoul,no
CUST00980,25,40.29,2,monthly,46,daejeon,yes
CUST00981,40,24.87,2,annual,77,daegu,no
CUST00982,50,46.24,1,annual,77,gwangju,no
CUST00983,24,76.99,2,two_year,77,daejeon,yes
CUST00984,30,58.29,1,monthly,42,gwangju,yes
CUST00985,29,29.67,2,monthly,28,daejeon,no
CUST00986,58,51.72,3,monthly,40,gwangju,no
CUST00987,12,31.21,2,monthly,69,gwangju,no
CUST00988,43,44.78,3,two_year,49,gwangju,no
CUST00989,49,35.58,0,annual,58,daegu,yes
CUST00990,60,50.72,1,monthly,66,gwangju,yes
CUST00991,11,34.16,0,annual,48,seoul,no
CUST00992,17,59.74,4,two_year,81,seoul,yes
CUST00993,62,36.12,2,monthly,4,busan,no
CUST00994,43,42.8,0,monthly,43,daejeon,no
CUST00995,12,74.7,2,annual,9,gwangju,no
CUST00996,57,51.94,1,annual,46,seoul,no
CUST00997,11,30.98,2,monthly,44,daejeon,no
CUST00998,52,73.38,3,annual,14,seoul,no
CUST00999,48,51.75,2,annual,0,daegu,yes
CUST01000,13,39.44,0,monthly,10,busan,no
CUST01001,57,48.56,5,monthly,10,daegu,no
CUST01002,66,46.17,5,annual,36,daejeon,no
CUST01003,7,34.98,0,monthly,8,seoul,no
CUST01004,55,35.17,1,annual,1,daejeon,no
CUST01005,53,10.39,1,two_year,9,busan,no
CUST01006,12,69.31,1,monthly,69,seoul,no
CUST01007,6,52.22,2,monthly,52,seoul,yes
CUST01008,18,50.16,2,monthly,61,daegu,no
CUST01009,39,68.7,1,annual,74,gwangju,no
CUST01010,17,39.86,1,two_year,48,gwangju,no
CUST01011,36,30.95,1,annual,35,gwangju,no
CUST01012,57,35.58,1,annual,65,daejeon,no
CUST01013,5,61.72,1,monthly,25,daejeon,no
CUST01014,33,66.79,1,annual,73,gwangju,yes
CUST01015,35,37.72,1,monthly,32,daegu,no
CUST01016,20,52.09,3,monthly,63,daejeon,yes
CUST01017,34,45.16,2,monthly,62,busan,no
CUST01018,27,32.23,3,monthly,78,seoul,yes
CUST01019,9,46.73,3,annual,45,gwangju,no
CUST01020,34,32.95,1,monthly,82,seoul,no
CUST01021,29,45.47,1,annual,48,seoul,no
CUST01022,32,47.18,2,annual,71,busan,yes
CUST01023,29,48.24,4,monthly,13,gwangju,no
CUST01024,35,45.77,2,monthly,29,gwangju,no
CUST01025,67,55.64,1,two_year,59,busan,no
CUST01026,70,41.9,1,two_year,32,busan,no
CUST01027,8,41.53,0,annual,1,gwangju,no
CUST01028,67,35.68,0,monthly,12,daegu,no
CUST01029,50,53.05,2,annual,56,daegu,no
CUST01030,34,63.07,1,monthly,41,daegu,no
CUST01031,44,42.28,3,monthly,36,gwangju,no
CUST01032,57,52.59,2,annual,12,daejeon,yes
CUST01033,2,44.41,0,monthly,34,seoul,no
CUST01034,29,76.68,4,annual,66,gwangju,no
CUST01035,39,49.75,1,two_year,35,busan,no
CUST01036,15,33.63,1,two_year,46,seoul,no
CUST01037,57,32.59,1,monthly,88,daegu,no
CUST01038,52,42.22,4,monthly,69,busan,yes
CUST01039,52,67.42,1,monthly,47,daegu,no
CUST01040,29,60.7,3,monthly,45,seoul,yes
CUST01041,9,22.31,2,annual,25,daejeon,no
CUST01042,48,48.29,0,annual,88,seoul,yes
CUST01043,25,41.5,1,annual,46,gwangju,yes
CUST01044,2,47.67,1,annual,60,gwangju,no
CUST01045,21,54.69,1,monthly,26,busan,yes
CUST01046,11,63.78,0,annual,32,daejeon,no
CUST01047,56,51.06,1,two_year,78,daegu,no
CUST01048,30,10.5,2,monthly,22,daegu,no
CUST01049,42,41.39,2,monthly,22,daegu,no
CUST01050,33,73.12,1,monthly,3,busan,yes
CUST01051,61,35.03,1,annual,11,seoul,no
CUST01052,50,53.37,1,annual,73,gwangju,no
CUST01053,12,34.7,1,annual,81,seoul,no
CUST01054,32,49.92,1,monthly,65,gwangju,yes
CUST01055,2,37.21,4,annual,50,busan,yes
CUST01056,5,41.77,4,two_year,72,daegu,no
CUST01057,54,20.68,2,annual,40,gwangju,no
CUST01058,51,22.83,1,monthly,7,gwangju,no
CUST01059,1,19.11,0,annual,75,daegu,yes
CUST01060,54,24.04,1,annual,16,gwangju,no
CUST01061,33,53.45,1,monthly,4,seoul,no
CUST01062,67,27.75,1,monthly,55,daegu,no
CUST01063,68,31.81,2,monthly,4,seoul,no
CUST01064,6,51.56,1,monthly,76,daegu,yes
CUST01065,37,45.35,0,annual,83,gwangju,no
CUST01066,9,22.92,2,monthly,27,daejeon,yes
CUST01067,71,9.9,3,annual,77,busan,no
CUST01068,24,40.1,2,monthly,2,gwangju,no
CUST01069,50,71.03,1,monthly,74,busan,no
CUST01070,16,38.35,1,monthly,84,daejeon,no
CUST01071,15,70.42,2,monthly,42,daegu,no
CUST01072,24,66.66,2,monthly,62,daegu,yes
CUST01073,28,35.4,0,monthly,37,gwangju,yes
CUST01074,49,59.72,3,annual,28,seoul,yes
CUST01075,33,40.38,3,monthly,26,daejeon,no
CUST01076,39,31.09,2,monthly,59,busan,no
CUST01077,21,41.96,1,monthly,24,daejeon,yes
CUST01078,69,16.81,1,monthly,27,daegu,no
CUST01079,13,35.89,1,monthly,11,gwangju,no
CUST01080,39,59.95,1,monthly,83,busan,yes
CUST01081,36,18.29,1,monthly,48,seoul,no
CUST01082,37,43.06,1,annual,41,daejeon,no
CUST01083,2,23.95,0,monthly,55,seoul,yes
CUST01084,34,48.45,1,two_year,77,seoul,no
CUST01085,3,30.24,1,annual,8,busan,no
CUST01086,8,38.43,3,monthly,54,busan,no
CUST01087,45,32.71,4,monthly,5,gwangju,no
CUST01088,57,28.28,1,annual,87,seoul,no
CUST01089,56,39.14,3,two_year,45,seoul,no
CUST01090,50,51.43,1,monthly,17,daegu,no
CUST01091,64,47.12,0,annual,88,seoul,no
CUST01092,65,52.49,3,monthly,3,daegu,no
CUST01093,44,57.24,1,monthly,34,gwangju,no
CUST01094,4,54.26,1,monthly,2,daejeon,no
CUST01095,25,29.59,1,annual,14,daejeon,no
CUST01096,37,27.8,1,annual,70,busan,yes
CUST01097,22,63.62,1,monthly,84,gwangju,no
CUST01098,55,49.3,2,annual,89,busan,no
CUST01099,67,20.53,3,annual,71,busan,no
CUST01100,39,44.4,1,monthly,82,daegu,yes
CUST01101,40,31.77,1,two_year,38,daegu,no
CUST01102,1,56.28,1,annual,0,gwangju,no
CUST01103,67,69.5,1,monthly,64,daejeon,no
CUST01104,60,31.31,0,two_year,86,busan,no
CUST01105,52,33.62,0,monthly,15,gwangju,no
CUST01106,58,53.9,0,annual,66,daegu,no
CUST01107,31,39.4,1,monthly,79,busan,yes
CUST01108,11,27.92,2,annual,5,daegu,no
CUST01109,30,36.32,1,monthly,36,gwangju,no
CUST01110,56,41.75,2,monthly,56,daegu,no
CUST01111,17,48.91,2,monthly,10,seoul,no
CUST01112,50,49.25,2,two_year,14,busan,no
CUST01113,53,26.22,1,two_year,35,seoul,no
CUST01114,51,48.8,3,monthly,30,daejeon,no
CUST01115,58,58.36,1,annual,65,gwangju,no
CUST01116,20,31.3,0,monthly,75,daejeon,yes
CUST01117,42,29.1,0,monthly,34,seoul,no
CUST01118,44,36.25,0,annual,30,daejeon,yes
CUST01119,32,52.84,2,monthly,53,busan,no
CUST01120,37,52.54,2,annual,80,busan,no
CUST01121,70,54.02,2,monthly,43,seoul,no
CUST01122,27,48.7,0,two_year,33,daegu,no
CUST01123,21,59.86,0,monthly,67,seoul,no
CUST01124,8,45.93,2,monthly,44,daegu,yes
CUST01125,26,32.76,5,annual,76,daegu,no
CUST01126,26,61.25,0,annual,15,busan,no
CUST01127,43,65.9,2,monthly,58,busan,yes
CUST01128,40,46.41,6,monthly,24,seoul,no
CUST01129,4,29.91,0,monthly,66,seoul,yes
CUST01130,53,20.51,0,monthly,69,daejeon,no
CUST01131,7,27.73,2,monthly,25,busan,no
CUST01132,1,59.83,1,monthly,66,seoul,yes
CUST01133,68,43.57,1,monthly,28,busan,no
CUST01134,8,52.76,1,annual,64,daegu,no
CUST01135,3,32.94,2,annual,45,daejeon,yes
CUST01136,26,44.57,1,annual,7,seoul,no
CUST01137,69,57.11,3,annual,13,busan,no
CUST01138,42,64.51,1,monthly,29,seoul,no
CUST01139,25,53.76,1,monthly,65,gwangju,no
CUST01140,7,71.31,2,monthly,53,daegu,yes
CUST01141,41,61.93,2,annual,56,gwangju,no
CUST01142,39,58.14,1,annual,0,daejeon,no
CUST01143,6,9.9,2,annual,25,gwangju,no
CUST01144,2,27.37,1,monthly,71,daejeon,yes
CUST01145,23,19.33,3,monthly,53,busan,no
CUST01146,15,31.45,1,two_year,61,gwangju,no
CUST01147,32,34.32,0,monthly,32,daejeon,no
CUST01148,50,27.67,2,annual,61,gwangju,no
CUST01149,32,72.66,0,annual,87,seoul,no
CUST01150,47,84.36,2,monthly,24,gwangju,yes
CUST01151,66,37.13,3,monthly,46,daegu,no
CUST01152,65,27.58,1,monthly,20,daegu,no
CUST01153,15,58.03,0,monthly,35,gwangju,yes
CUST01154,51,49.34,1,annual,24,gwangju,no
CUST01155,64,64.56,1,annual,75,daejeon,no
CUST01156,37,59.87,1,monthly,79,daegu,no
CUST01157,62,29.27,0,monthly,53,daegu,no
CUST01158,28,75.95,1,monthly,61,busan,yes
CUST01159,53,58.55,0,monthly,13,daegu,no
CUST01160,19,56.82,1,two_year,69,seoul,no
CUST01161,37,58.49,0,monthly,26,seoul,yes
CUST01162,71,63.92,1,annual,56,busan,no
CUST01163,63,40.43,1,annual,29,seoul,no
CUST01164,19,27.3,3,annual,37,daegu,yes
CUST01165,23,47.84,0,monthly,13,busan,no
CUST01166,69,11.0,0,monthly,33,seoul,no
CUST01167,30,77.15,2,annual,86,daejeon,yes
CUST01168,46,59.43,3,monthly,33,daegu,yes
CUST01169,19,21.99,1,two_year,10,seoul,no
CUST01170,65,61.2,2,monthly,8,busan,no
CUST01171,2,44.22,2,annual,7,gwangju,no
CUST01172,14,24.14,1,annual,36,busan,no
CUST01173,10,21.62,1,monthly,83,daejeon,yes
CUST01174,18,30.5,2,monthly,35,daejeon,yes
CUST01175,60,27.84,0,annual,59,busan,no
CUST01176,45,47.48,3,monthly,22,busan,no
CUST01177,26,56.49,5,two_year,81,busan,yes
CUST01178,26,51.8,2,annual,35,seoul,no
CUST01179,63,39.57,0,annual,78,busan,no
CUST01180,57,16.41,1,annual,89,gwangju,no
CUST01181,29,42.94,1,two_year,30,gwangju,no
CUST01182,61,50.84,1,monthly,26,busan,no
CUST01183,19,48.66,0,two_year,23,seoul,no
CUST01184,22,40.82,0,annual,7,gwangju,no
CUST01185,40,36.31,2,two_year,20,daejeon,no
CUST01186,2,54.82,1,monthly,12,daejeon,no
CUST01187,22,62.34,1,annual,1,daejeon,no
CUST01188,19,58.47,2,monthly,42,busan,yes
CUST01189,40,45.15,1,monthly,25,daegu,no
CUST01190,55,24.31,2,monthly,51,busan,yes
CUST01191,46,34.75,0,annual,14,daejeon,no
CUST01192,15,50.76,0,annual,89,daejeon,yes
CUST01193,62,47.18,2,annual,57,seoul,no
CUST01194,57,66.39,0,monthly,8,daegu,no
CUST01195,61,47.61,1,monthly,69,seoul,no
CUST01196,7,37.8,1,two_year,23,daejeon,no
CUST01197,46,59.88,3,annual,4,gwangju,no
CUST01198,22,61.92,4,monthly,26,busan,no
CUST01199,27,50.15,1,annual,13,gwangju,no
CUST01200,43,41.76,2,monthly,80,gwangju,no
